Loan_ID,Gender,Married,Dependents,Education,Self_Employed,ApplicantIncome,CoapplicantIncome,LoanAmount,Loan_Amount_Term,Credit_History,Property_Area,Loan_Status
LP002305,Female,No,0,Graduate,No,4547,0,115,360,1,Semiurban,1
LP001715,Male,Yes,3+,Not Graduate,Yes,5703,0,130,360,1,Rural,1
LP002086,Female,Yes,0,Graduate,No,4333,2451,110,360,1,Urban,0
LP001136,Male,Yes,0,Not Graduate,Yes,4695,0,96,,1,Urban,1
LP002529,Male,Yes,2,Graduate,No,6700,1750,230,300,1,Semiurban,1
LP001603,Male,Yes,0,Not Graduate,Yes,4344,736,87,360,1,Semiurban,0
LP001273,Male,Yes,0,Graduate,No,6000,2250,265,360,,Semiurban,0
LP002706,Male,Yes,1,Not Graduate,No,5285,1430,161,360,0,Semiurban,1
LP001859,Male,Yes,0,Graduate,No,14683,2100,304,360,1,Rural,0
LP001228,Male,No,0,Not Graduate,No,3200,2254,126,180,0,Urban,0
LP001608,Male,Yes,2,Graduate,No,2045,1619,101,360,1,Rural,1
LP002130,Male,Yes,,Not Graduate,No,3523,3230,152,360,0,Rural,0
LP001112,Female,Yes,0,Graduate,No,3667,1459,144,360,1,Semiurban,1
LP001508,Male,Yes,2,Graduate,No,11757,0,187,180,1,Urban,1
LP001011,Male,Yes,2,Graduate,Yes,5417,4196,267,360,1,Urban,1
LP002379,Male,No,0,Graduate,No,6500,0,105,360,0,Rural,0
LP002868,Male,Yes,2,Graduate,No,3159,461,108,84,1,Urban,1
LP001318,Male,Yes,2,Graduate,No,6250,5654,188,180,1,Semiurban,1
LP001020,Male,Yes,1,Graduate,No,12841,10968,349,360,1,Semiurban,0
LP002364,Male,Yes,0,Graduate,No,14880,0,96,360,1,Semiurban,1
LP002387,Male,Yes,0,Graduate,No,2425,2340,143,360,1,Semiurban,1
LP002151,Male,Yes,1,Graduate,No,3875,0,67,360,1,Urban,0
LP001894,Male,Yes,0,Graduate,No,2620,2223,150,360,1,Semiurban,1
LP001849,Male,No,0,Not Graduate,No,6045,0,115,360,0,Rural,0
LP001636,Male,Yes,0,Graduate,No,4600,0,73,180,1,Semiurban,1
LP001776,Female,No,0,Graduate,No,8333,0,280,360,1,Semiurban,1
LP001250,Male,Yes,3+,Not Graduate,No,4755,0,95,,0,Semiurban,0
LP001164,Female,No,0,Graduate,No,4230,0,112,360,1,Semiurban,0
LP002239,Male,No,0,Not Graduate,No,2346,1600,132,360,1,Semiurban,1
LP002560,Male,No,0,Not Graduate,No,2699,2785,96,360,,Semiurban,1
LP002961,Male,Yes,1,Graduate,No,3400,2500,173,360,1,Semiurban,1
LP001421,Male,Yes,0,Graduate,No,5568,2142,175,360,1,Rural,0
LP001824,Male,Yes,1,Graduate,No,2882,1843,123,480,1,Semiurban,1
LP002493,Male,No,0,Graduate,No,4166,0,98,360,0,Semiurban,0
LP002357,Female,No,0,Not Graduate,No,2720,0,80,,0,Urban,0
LP002877,Male,Yes,1,Graduate,No,1782,2232,107,360,1,Rural,1
LP001186,Female,Yes,1,Graduate,Yes,11500,0,286,360,0,Urban,0
LP001275,Male,Yes,1,Graduate,No,3988,0,50,240,1,Urban,1
LP001052,Male,Yes,1,Graduate,,3717,2925,151,360,,Semiurban,0
LP002201,Male,Yes,2,Graduate,Yes,9323,7873,380,300,1,Rural,1
LP001903,Male,Yes,0,Graduate,No,3993,3274,207,360,1,Semiurban,1
LP001760,Male,,,Graduate,No,4758,0,158,480,1,Semiurban,1
LP001931,Female,No,0,Graduate,No,4124,0,115,360,1,Semiurban,1
LP002602,Male,No,0,Graduate,No,6283,4416,209,360,0,Rural,0
LP001391,Male,Yes,0,Not Graduate,No,3572,4114,152,,0,Rural,0
LP002953,Male,Yes,3+,Graduate,No,5703,0,128,360,1,Urban,1
LP001233,Male,Yes,1,Graduate,No,10750,0,312,360,1,Urban,1
LP001977,Male,Yes,1,Graduate,No,1625,1803,96,360,1,Urban,1
LP001993,Female,No,0,Graduate,No,3762,1666,135,360,1,Rural,1
LP001758,Male,Yes,2,Graduate,No,6250,1695,210,360,1,Semiurban,1
LP001751,Male,Yes,0,Graduate,No,3250,0,170,360,1,Rural,0
LP001871,Female,No,0,Graduate,No,7200,0,120,360,1,Rural,1
LP001798,Male,Yes,2,Graduate,No,5819,5000,120,360,1,Rural,1
LP001574,Male,Yes,0,Graduate,No,3707,3166,182,,1,Rural,1
LP002723,Male,No,2,Graduate,No,3588,0,110,360,0,Rural,0
LP002943,Male,No,,Graduate,No,2987,0,88,360,0,Semiurban,0
LP001005,Male,Yes,0,Graduate,Yes,3000,0,66,360,1,Urban,1
LP001749,Male,Yes,0,Graduate,No,7578,1010,175,,1,Semiurban,1
LP002776,Female,No,0,Graduate,No,5000,0,103,360,0,Semiurban,0
LP001585,,Yes,3+,Graduate,No,51763,0,700,300,1,Urban,1
LP002842,Male,Yes,1,Graduate,No,3417,1750,186,360,1,Urban,1
LP001630,Male,No,0,Not Graduate,No,2333,1451,102,480,0,Urban,0
LP001003,Male,Yes,1,Graduate,No,4583,1508,128,360,1,Rural,0
LP002435,Male,Yes,0,Graduate,,3539,1376,55,360,1,Rural,0
LP002050,Male,Yes,1,Graduate,Yes,10000,0,155,360,1,Rural,0
LP001888,Female,No,0,Graduate,No,3237,0,30,360,1,Urban,1
LP001953,Male,Yes,1,Graduate,No,6875,0,200,360,1,Semiurban,1
LP001255,Male,No,0,Graduate,No,3750,0,113,480,1,Urban,0
LP002487,Male,Yes,0,Graduate,No,3015,2188,153,360,1,Rural,1
LP002140,Male,No,0,Graduate,No,8750,4167,308,360,1,Rural,0
LP002190,Male,Yes,1,Graduate,No,6325,0,175,360,1,Semiurban,1
LP001535,Male,No,0,Graduate,No,3254,0,50,360,1,Urban,1
LP001322,Male,No,0,Graduate,No,4133,0,122,360,1,Semiurban,1
LP002755,Male,Yes,1,Not Graduate,No,2239,2524,128,360,1,Urban,1
LP002833,Male,Yes,0,Not Graduate,No,4467,0,120,360,,Rural,1
LP001097,Male,No,1,Graduate,Yes,4692,0,106,360,1,Rural,0
LP001580,Male,Yes,2,Graduate,No,8000,0,200,360,1,Semiurban,1
LP002473,Male,Yes,0,Graduate,No,8334,0,160,360,1,Semiurban,0
LP001691,Male,Yes,2,Not Graduate,No,3917,0,124,360,1,Semiurban,1
LP002319,Male,Yes,0,Graduate,,6256,0,160,360,,Urban,1
LP001825,Male,Yes,0,Graduate,No,1809,1868,90,360,1,Urban,1
LP002626,Male,Yes,0,Graduate,Yes,2479,3013,188,360,1,Urban,1
LP001038,Male,Yes,0,Not Graduate,No,4887,0,133,360,1,Rural,0
LP002160,Male,Yes,3+,Graduate,No,5167,3167,200,360,1,Semiurban,1
LP001529,Male,Yes,0,Graduate,Yes,2577,3750,152,360,1,Rural,1
LP002142,Female,Yes,0,Graduate,Yes,5500,0,105,360,0,Rural,0
LP002418,Male,No,3+,Not Graduate,No,4707,1993,148,360,1,Semiurban,1
LP001241,Female,No,0,Graduate,No,4300,0,136,360,0,Semiurban,0
LP001482,Male,Yes,0,Graduate,Yes,3459,0,25,120,1,Semiurban,1
LP002740,Male,Yes,3+,Graduate,No,6417,0,157,180,1,Rural,1
LP002318,Female,No,1,Not Graduate,Yes,3867,0,62,360,1,Semiurban,0
LP001736,Male,Yes,0,Graduate,No,2221,0,60,360,0,Urban,0
LP001640,Male,Yes,0,Graduate,Yes,39147,4750,120,360,1,Semiurban,1
LP002541,Male,Yes,0,Graduate,No,10833,0,234,360,1,Semiurban,1
LP002931,Male,Yes,2,Graduate,Yes,6000,0,205,240,1,Semiurban,0
LP002446,Male,Yes,2,Not Graduate,No,2309,1255,125,360,0,Rural,0
LP001914,Male,Yes,0,Graduate,No,3927,800,112,360,1,Semiurban,1
LP001310,Male,Yes,0,Graduate,No,5695,4167,175,360,1,Semiurban,1
LP002519,Male,Yes,3+,Graduate,No,4691,0,100,360,1,Semiurban,1
LP002555,Male,Yes,2,Graduate,Yes,4583,2083,160,360,1,Semiurban,1
LP001743,Male,Yes,2,Graduate,No,4009,1717,116,360,1,Semiurban,1
LP002634,Female,No,1,Graduate,No,13262,0,40,360,1,Urban,1
LP002804,Female,Yes,0,Graduate,No,4180,2306,182,360,1,Semiurban,1
LP001225,Male,Yes,0,Graduate,No,5726,4595,258,360,1,Semiurban,0
LP001682,Male,Yes,3+,Not Graduate,No,3992,0,,180,1,Urban,0
LP002544,Male,Yes,1,Not Graduate,No,1958,2436,131,360,1,Rural,1
LP001543,Male,Yes,1,Graduate,No,9538,0,187,360,1,Urban,1
LP002768,Male,No,0,Not Graduate,No,3358,0,80,36,1,Semiurban,0
LP001875,Male,No,0,Graduate,No,4095,3447,151,360,1,Rural,1
LP001770,Male,No,0,Not Graduate,No,3189,2598,120,,1,Rural,1
LP002979,Male,Yes,3+,Graduate,No,4106,0,40,180,1,Rural,1
LP001606,Male,Yes,0,Graduate,No,3497,1964,116,360,1,Rural,1
LP001872,Male,No,0,Graduate,Yes,5166,0,128,360,1,Semiurban,1
LP001594,Male,Yes,0,Graduate,No,5708,5625,187,360,1,Semiurban,1
LP001144,Male,Yes,0,Graduate,No,5821,0,144,360,1,Urban,1
LP002600,Male,Yes,1,Graduate,Yes,2895,0,95,360,1,Semiurban,1
LP001034,Male,No,1,Not Graduate,No,3596,0,100,240,,Urban,1
LP001572,Male,Yes,0,Graduate,No,9323,0,75,180,1,Urban,1
LP002795,Male,Yes,3+,Graduate,Yes,10139,0,260,360,1,Semiurban,1
LP001091,Male,Yes,1,Graduate,,4166,3369,201,360,,Urban,0
LP002494,Male,No,0,Graduate,No,6000,0,140,360,1,Rural,1
LP002403,Male,No,0,Graduate,Yes,10416,0,187,360,0,Urban,0
LP002266,Male,Yes,2,Graduate,No,3100,1400,113,360,1,Urban,1
LP002459,Male,Yes,0,Graduate,No,4301,0,118,360,1,Urban,1
LP001541,Male,Yes,1,Graduate,No,6000,0,160,360,,Rural,1
LP002625,,No,0,Graduate,No,3583,0,96,360,1,Urban,0
LP002588,Male,Yes,0,Graduate,No,4625,2857,111,12,,Urban,1
LP001426,Male,Yes,,Graduate,No,5667,2667,180,360,1,Rural,1
LP002648,Male,Yes,0,Graduate,No,2130,6666,70,180,1,Semiurban,0
LP001095,Male,No,0,Graduate,No,3167,0,74,360,1,Urban,0
LP001068,Male,Yes,0,Graduate,No,2799,2253,122,360,1,Semiurban,1
LP002534,Female,No,0,Not Graduate,No,4350,0,154,360,1,Rural,1
LP002732,Male,No,0,Not Graduate,,2550,2042,126,360,1,Rural,1
LP002872,,Yes,0,Graduate,No,3087,2210,136,360,0,Semiurban,0
LP001841,Male,No,0,Not Graduate,Yes,2583,2167,104,360,1,Rural,1
LP002255,Male,No,3+,Graduate,No,9167,0,185,360,1,Rural,1
LP002945,Male,Yes,0,Graduate,Yes,9963,0,180,360,1,Rural,1
LP001610,Male,Yes,3+,Graduate,No,5516,11300,495,360,0,Semiurban,0
LP001243,Male,Yes,0,Graduate,No,3208,3066,172,360,1,Urban,1
LP001947,Male,Yes,0,Graduate,No,2383,3334,172,360,1,Semiurban,1
LP002036,Male,Yes,0,Graduate,No,2058,2134,88,360,,Urban,1
LP002739,Male,Yes,0,Not Graduate,No,2917,536,66,360,1,Rural,0
LP001473,Male,No,0,Graduate,No,2014,1929,74,360,1,Urban,1
LP002841,Male,Yes,0,Graduate,No,3166,2064,104,360,0,Urban,0
LP002743,Female,No,0,Graduate,No,2138,0,99,360,0,Semiurban,0
LP001784,Male,Yes,1,Graduate,No,5500,1260,170,360,1,Rural,1
LP001002,Male,No,0,Graduate,No,5849,0,,360,1,Urban,1
LP002225,Male,Yes,2,Graduate,No,5391,0,130,360,1,Urban,1
LP002562,Male,Yes,1,Not Graduate,No,5333,1131,186,360,,Urban,1
LP002894,Female,Yes,0,Graduate,No,3166,0,36,360,1,Semiurban,1
LP002536,Male,Yes,3+,Not Graduate,No,3095,0,113,360,1,Rural,1
LP001702,Male,No,0,Graduate,No,3418,0,127,360,1,Semiurban,0
LP002836,Male,No,0,Graduate,No,3333,0,70,360,1,Urban,1
LP002917,Female,No,0,Not Graduate,No,2165,0,70,360,1,Semiurban,1
LP002990,Female,No,0,Graduate,Yes,4583,0,133,360,0,Semiurban,0
LP001807,Male,Yes,2,Graduate,Yes,6250,1300,108,360,1,Rural,1
LP002738,Male,No,2,Graduate,No,3617,0,107,360,1,Semiurban,1
LP001213,Male,Yes,1,Graduate,No,4945,0,,360,0,Rural,0
LP002813,Female,Yes,1,Graduate,Yes,19484,0,600,360,1,Semiurban,1
LP001138,Male,Yes,1,Graduate,No,5649,0,44,360,1,Urban,1
LP001367,Male,Yes,1,Graduate,No,3052,1030,100,360,1,Urban,1
LP002531,Male,Yes,1,Graduate,Yes,16667,2250,86,360,1,Semiurban,1
LP002697,Male,No,0,Graduate,No,4680,2087,,360,1,Semiurban,0
LP001263,Male,Yes,3+,Graduate,No,3167,4000,180,300,0,Semiurban,0
LP002209,Female,No,0,Graduate,,2764,1459,110,360,1,Urban,1
LP001319,Male,Yes,2,Not Graduate,No,3273,1820,81,360,1,Urban,1
LP001788,Female,No,0,Graduate,Yes,3463,0,122,360,,Urban,1
LP002772,Male,No,0,Graduate,No,2526,1783,145,360,1,Rural,1
LP002366,Male,Yes,0,Graduate,No,2666,4300,121,360,1,Rural,1
LP001924,Male,No,0,Graduate,No,3158,3053,89,360,1,Rural,1
LP001100,Male,No,3+,Graduate,No,12500,3000,320,360,1,Rural,0
LP001884,Female,No,1,Graduate,No,2876,1560,90,360,1,Urban,1
LP002524,Male,No,2,Graduate,No,5532,4648,162,360,1,Rural,1
LP002229,Male,No,0,Graduate,No,5941,4232,296,360,1,Semiurban,1
LP002004,Male,No,0,Not Graduate,No,2927,2405,111,360,1,Semiurban,1
LP002137,Male,Yes,0,Graduate,No,6333,4583,259,360,,Semiurban,1
LP001778,Male,Yes,1,Graduate,No,3155,1779,140,360,1,Semiurban,1
LP001073,Male,Yes,2,Not Graduate,No,4226,1040,110,360,1,Urban,1
LP001907,Male,Yes,0,Graduate,No,14583,0,436,360,1,Semiurban,1
LP001716,Male,Yes,0,Graduate,No,3173,3021,137,360,1,Urban,1
LP002537,Male,Yes,0,Graduate,No,2083,3150,128,360,1,Semiurban,1
LP001430,Female,No,0,Graduate,No,4166,0,44,360,1,Semiurban,1
LP001013,Male,Yes,0,Not Graduate,No,2333,1516,95,360,1,Urban,1
LP001978,Male,No,0,Graduate,No,4000,2500,140,360,1,Rural,1
LP002429,Male,Yes,1,Graduate,Yes,3466,1210,130,360,1,Rural,1
LP002188,Male,No,0,Graduate,No,5124,0,124,,0,Rural,0
LP002006,Female,No,0,Graduate,No,2507,0,56,360,1,Rural,1
LP002983,Male,Yes,1,Graduate,No,8072,240,253,360,1,Urban,1
LP002586,Female,Yes,1,Graduate,No,3326,913,105,84,1,Semiurban,1
LP001405,Male,Yes,1,Graduate,No,2214,1398,85,360,,Urban,1
LP002659,Male,Yes,3+,Graduate,No,3466,3428,150,360,1,Rural,1
LP001883,Female,No,0,Graduate,,3418,0,135,360,1,Rural,0
LP001698,Male,No,0,Not Graduate,No,3975,2531,55,360,1,Rural,1
LP002855,Male,Yes,2,Graduate,No,16666,0,275,360,1,Urban,1
LP001996,Male,No,0,Graduate,No,20233,0,480,360,1,Rural,0
LP002263,Male,Yes,0,Graduate,No,2583,2115,120,360,,Urban,1
LP001404,Female,Yes,0,Graduate,No,3167,2283,154,360,1,Semiurban,1
LP001155,Female,Yes,0,Not Graduate,No,1928,1644,100,360,1,Semiurban,1
LP001493,Male,Yes,2,Not Graduate,No,4200,1430,129,360,1,Rural,0
LP002112,Male,Yes,2,Graduate,Yes,2500,4600,176,360,1,Rural,1
LP002489,Female,No,1,Not Graduate,,5191,0,132,360,1,Semiurban,1
LP002950,Male,Yes,0,Not Graduate,,2894,2792,155,360,1,Rural,1
LP001870,Female,No,1,Graduate,No,3481,0,155,36,1,Semiurban,0
LP002689,Male,Yes,2,Not Graduate,No,2192,1742,45,360,1,Semiurban,1
LP002082,Male,Yes,0,Graduate,Yes,5818,2160,184,360,1,Semiurban,1
LP001768,Male,Yes,0,Graduate,,3716,0,42,180,1,Rural,1
LP001222,Female,No,0,Graduate,No,4166,0,116,360,0,Semiurban,0
LP001734,Female,Yes,2,Graduate,No,4283,2383,127,360,,Semiurban,1
LP001761,Male,No,0,Graduate,Yes,6400,0,200,360,1,Rural,1
LP002181,Male,No,0,Not Graduate,No,6216,0,133,360,1,Rural,0
LP002409,Male,Yes,0,Graduate,No,7901,1833,180,360,1,Rural,1
LP002517,Male,Yes,1,Not Graduate,No,2653,1500,113,180,0,Rural,0
LP001024,Male,Yes,2,Graduate,No,3200,700,70,360,1,Urban,1
LP001120,Male,No,0,Graduate,No,1800,1213,47,360,1,Urban,1
LP001532,Male,Yes,2,Not Graduate,No,2281,0,113,360,1,Rural,0
LP001877,Male,Yes,2,Graduate,No,4708,1387,150,360,1,Semiurban,1
LP001693,Female,No,0,Graduate,No,3244,0,80,360,1,Urban,1
LP001882,Male,Yes,3+,Graduate,No,4333,1811,160,360,0,Urban,1
LP002684,Female,No,0,Not Graduate,No,3400,0,95,360,1,Rural,0
LP002139,Male,Yes,0,Graduate,No,9083,0,228,360,1,Semiurban,1
LP002367,Female,No,1,Not Graduate,No,4606,0,81,360,1,Rural,0
LP002606,Female,No,0,Graduate,No,3159,0,100,360,1,Semiurban,1
LP001489,Female,Yes,0,Graduate,No,4583,0,84,360,1,Rural,0
LP001256,Male,No,0,Graduate,No,3750,4750,176,360,1,Urban,0
LP001955,Female,No,0,Graduate,No,5000,2541,151,480,1,Rural,0
LP001066,Male,Yes,0,Graduate,Yes,9560,0,191,360,1,Semiurban,1
LP001398,Male,No,0,Graduate,,5050,0,118,360,1,Semiurban,1
LP001792,Male,Yes,1,Graduate,No,3315,0,96,360,1,Semiurban,1
LP002129,Male,Yes,0,Graduate,No,2499,2458,160,360,1,Semiurban,1
LP002753,Female,No,1,Graduate,,3652,0,95,360,1,Semiurban,1
LP001673,Male,No,0,Graduate,Yes,11000,0,83,360,1,Urban,0
LP001708,Female,No,0,Graduate,No,10000,0,214,360,1,Semiurban,0
LP002377,Female,No,1,Graduate,Yes,8624,0,150,360,1,Semiurban,1
LP002116,Female,No,0,Graduate,No,2378,0,46,360,1,Rural,0
LP002244,Male,Yes,0,Graduate,No,2333,2417,136,360,1,Urban,1
LP001157,Female,No,0,Graduate,No,3086,0,120,360,1,Semiurban,1
LP001279,Male,No,0,Graduate,No,2366,2531,136,360,1,Semiurban,1
LP002223,Male,Yes,0,Graduate,No,4310,0,130,360,,Semiurban,1
LP001497,Male,Yes,2,Graduate,No,5042,2083,185,360,1,Rural,0
LP002792,Male,Yes,1,Graduate,No,5468,1032,26,360,1,Semiurban,1
LP002547,Male,Yes,1,Graduate,No,18333,0,500,360,1,Urban,0
LP001349,Male,No,0,Graduate,No,4843,3806,151,360,1,Semiurban,1
LP001896,Male,Yes,2,Graduate,No,3900,0,90,360,1,Semiurban,1
LP002478,,Yes,0,Graduate,Yes,2083,4083,160,360,,Semiurban,1
LP001864,Male,Yes,3+,Not Graduate,No,4931,0,128,360,,Semiurban,0
LP001577,Female,Yes,0,Graduate,No,4583,0,112,360,1,Rural,0
LP002693,Male,Yes,2,Graduate,Yes,7948,7166,480,360,1,Rural,1
LP001900,Male,Yes,1,Graduate,No,2750,1842,115,360,1,Semiurban,1
LP002533,Male,Yes,2,Graduate,No,2947,1603,,360,1,Urban,0
LP002300,Female,No,0,Not Graduate,No,1963,0,53,360,1,Semiurban,1
LP001688,Male,Yes,1,Not Graduate,No,3500,1083,135,360,1,Urban,1
LP002178,Male,Yes,0,Graduate,No,3013,3033,95,300,,Urban,1
LP001666,Male,No,0,Graduate,No,8333,3750,187,360,1,Rural,1
LP002928,Male,Yes,0,Graduate,No,3000,3416,56,180,1,Semiurban,1
LP001643,Male,Yes,0,Graduate,No,2383,2138,58,360,,Rural,1
LP001469,Male,No,0,Graduate,Yes,20166,0,650,480,,Urban,1
LP001560,Male,Yes,0,Not Graduate,No,1863,1041,98,360,1,Semiurban,1
LP001387,Female,Yes,0,Graduate,,2929,2333,139,360,1,Semiurban,1
LP001086,Male,No,0,Not Graduate,No,1442,0,35,360,1,Urban,0
LP001014,Male,Yes,3+,Graduate,No,3036,2504,158,360,0,Semiurban,0
LP002332,Male,Yes,0,Not Graduate,No,2253,2033,110,360,1,Rural,1
LP002624,Male,Yes,0,Graduate,No,20833,6667,480,360,,Urban,1
LP002643,Male,Yes,2,Graduate,No,3283,2035,148,360,1,Urban,1
LP002453,Male,No,0,Graduate,Yes,7085,0,84,360,1,Semiurban,1
LP002615,Male,Yes,2,Graduate,No,4865,5624,208,360,1,Semiurban,1
LP001385,Male,No,0,Graduate,No,5316,0,136,360,1,Urban,1
LP001197,Male,Yes,0,Graduate,No,3366,2200,135,360,1,Rural,0
LP002231,Female,No,0,Graduate,No,6000,0,156,360,1,Urban,1
LP001657,Male,Yes,0,Not Graduate,No,6033,0,160,360,1,Urban,0
LP002444,Male,No,1,Not Graduate,Yes,2769,1542,190,360,,Semiurban,0
LP001041,Male,Yes,0,Graduate,,2600,3500,115,,1,Urban,1
LP001334,Male,Yes,0,Not Graduate,No,4188,0,115,180,1,Semiurban,1
LP002874,Male,No,0,Graduate,No,3229,2739,110,360,1,Urban,1
LP001726,Male,Yes,0,Graduate,No,3727,1775,131,360,1,Semiurban,1
LP002455,Male,Yes,2,Graduate,No,3859,0,96,360,1,Semiurban,1
LP002126,Male,Yes,3+,Not Graduate,No,3173,0,74,360,1,Semiurban,1
LP001179,Male,Yes,2,Graduate,No,4616,0,134,360,1,Urban,0
LP001253,Male,Yes,3+,Graduate,Yes,5266,1774,187,360,1,Semiurban,1
LP002936,Male,Yes,0,Graduate,No,3859,3300,142,180,1,Rural,1
LP002398,Male,No,0,Graduate,No,1926,1851,50,360,1,Semiurban,1
LP002345,Male,Yes,0,Graduate,No,1025,2773,112,360,1,Rural,1
LP002847,Male,Yes,,Graduate,No,5116,1451,165,360,0,Urban,0
LP001814,Male,Yes,2,Graduate,No,9703,0,112,360,1,Urban,1
LP001245,Male,Yes,2,Not Graduate,Yes,1875,1875,97,360,1,Semiurban,1
LP001289,Male,No,0,Graduate,No,8566,0,210,360,1,Urban,1
LP001732,Male,Yes,2,Graduate,,5000,0,72,360,0,Semiurban,0
LP002065,Male,Yes,3+,Graduate,No,15000,0,300,360,1,Rural,1
LP002949,Female,No,3+,Graduate,,416,41667,350,180,,Urban,0
LP001325,Male,No,0,Not Graduate,No,3620,0,25,120,1,Semiurban,1
LP002315,Male,Yes,1,Graduate,No,8300,0,152,300,0,Semiurban,0
LP002067,Male,Yes,1,Graduate,Yes,8666,4983,376,360,0,Rural,0
LP002640,Male,Yes,1,Graduate,No,6065,2004,250,360,1,Semiurban,1
LP002692,Male,Yes,3+,Graduate,Yes,5677,1424,100,360,1,Rural,1
LP001478,Male,No,0,Graduate,No,2718,0,70,360,1,Semiurban,1
LP001936,Male,Yes,0,Graduate,No,3075,2416,139,360,1,Rural,1
LP001711,Male,Yes,3+,Graduate,No,3430,1250,128,360,0,Semiurban,0
LP001835,Male,Yes,0,Not Graduate,No,1668,3890,201,360,0,Semiurban,0
LP002277,Female,No,0,Graduate,No,3180,0,71,360,0,Urban,0
LP002443,Male,Yes,2,Graduate,No,3340,1710,150,360,0,Rural,0
LP001647,Male,Yes,0,Graduate,No,9328,0,188,180,1,Rural,1
LP002603,Female,No,0,Graduate,No,645,3683,113,480,1,Rural,1
LP001267,Female,Yes,2,Graduate,No,1378,1881,167,360,1,Urban,0
LP001892,Male,No,0,Graduate,No,2833,1857,126,360,1,Rural,1
LP002143,Female,Yes,0,Graduate,No,2423,505,130,360,1,Semiurban,1
LP001925,Female,No,0,Graduate,Yes,2600,1717,99,300,1,Semiurban,0
LP002863,Male,Yes,3+,Graduate,No,6406,0,150,360,1,Semiurban,0
LP002141,Male,Yes,3+,Graduate,No,2666,2083,95,360,1,Rural,1
LP001123,Male,Yes,0,Graduate,No,2400,0,75,360,,Urban,1
LP002978,Female,No,0,Graduate,No,2900,0,71,360,1,Rural,1
LP002472,Male,No,2,Graduate,No,4354,0,136,360,1,Rural,1
LP002224,Male,No,0,Graduate,No,3069,0,71,480,1,Urban,0
LP001846,Female,No,3+,Graduate,No,3083,0,255,360,1,Rural,1
LP002484,Male,Yes,3+,Graduate,No,7740,0,128,180,1,Urban,1
LP002119,Male,Yes,1,Not Graduate,No,4554,1229,158,360,1,Urban,1
LP002197,Male,Yes,2,Graduate,No,5185,0,155,360,1,Semiurban,1
LP002720,Male,Yes,3+,Graduate,No,4281,0,100,360,1,Urban,1
LP001379,Male,Yes,2,Graduate,No,3800,3600,216,360,0,Urban,0
LP001865,Male,Yes,1,Graduate,No,6083,4250,330,360,,Urban,1
LP001333,Male,Yes,0,Graduate,No,1977,997,50,360,1,Semiurban,1
LP002434,Male,Yes,2,Not Graduate,No,4652,0,110,360,1,Rural,1
LP001998,Male,Yes,2,Not Graduate,No,7667,0,185,360,,Rural,1
LP001579,Male,No,0,Graduate,No,2237,0,63,480,0,Semiurban,0
LP002288,Male,Yes,2,Not Graduate,No,2889,0,45,180,0,Urban,0
LP001131,Male,Yes,0,Graduate,No,3941,2336,134,360,1,Semiurban,1
LP002637,Male,No,0,Not Graduate,No,3598,1287,100,360,1,Rural,0
LP002911,Male,Yes,1,Graduate,No,2787,1917,146,360,0,Rural,0
LP001137,Female,No,0,Graduate,No,3410,0,88,,1,Urban,1
LP001671,Female,Yes,0,Graduate,No,3416,2816,113,360,,Semiurban,1
LP002035,Male,Yes,2,Graduate,No,3717,0,120,360,1,Semiurban,1
LP001498,Male,No,0,Graduate,No,5417,0,168,360,1,Urban,1
LP001280,Male,Yes,2,Not Graduate,No,3333,2000,99,360,,Semiurban,1
LP002110,Male,Yes,1,Graduate,,5250,688,160,360,1,Rural,1
LP002500,Male,Yes,3+,Not Graduate,No,2947,1664,70,180,0,Urban,0
LP002272,Male,Yes,2,Graduate,No,3276,484,135,360,,Semiurban,1
LP001669,Female,No,0,Not Graduate,No,1907,2365,120,,1,Urban,1
LP002543,Male,Yes,2,Graduate,No,8333,0,246,360,1,Semiurban,1
LP001765,Male,Yes,1,Graduate,No,2491,2054,104,360,1,Semiurban,1
LP001806,Male,No,0,Graduate,No,2965,5701,155,60,1,Urban,1
LP001356,Male,Yes,0,Graduate,No,4652,3583,,360,1,Semiurban,1
LP001519,Female,No,0,Graduate,No,10000,1666,225,360,1,Rural,0
LP002447,Male,Yes,2,Not Graduate,No,1958,1456,60,300,,Urban,1
LP002448,Male,Yes,0,Graduate,No,3948,1733,149,360,0,Rural,0
LP002898,Male,Yes,1,Graduate,No,1880,0,61,360,,Rural,0
LP002287,Female,No,0,Graduate,No,1500,1800,103,360,0,Semiurban,0
LP001431,Female,No,0,Graduate,No,2137,8980,137,360,0,Semiurban,1
LP002180,Male,No,0,Graduate,Yes,6822,0,141,360,1,Rural,1
LP001528,Male,No,0,Graduate,No,6277,0,118,360,0,Rural,0
LP002778,Male,Yes,2,Graduate,Yes,6633,0,,360,0,Rural,0
LP001945,Female,No,,Graduate,No,5417,0,143,480,0,Urban,0
LP001036,Female,No,0,Graduate,No,3510,0,76,360,0,Urban,0
LP002964,Male,Yes,2,Not Graduate,No,3987,1411,157,360,1,Rural,1
LP001570,Male,Yes,2,Graduate,No,4167,1447,158,360,1,Rural,1
LP002369,Male,Yes,0,Graduate,No,2920,16.12000084,87,360,1,Rural,1
LP002341,Female,No,1,Graduate,No,2600,0,160,360,1,Urban,0
LP002767,Male,Yes,0,Graduate,No,2768,1950,155,360,1,Rural,1
LP001722,Male,Yes,0,Graduate,No,150,1800,135,360,1,Rural,0
LP002407,Female,Yes,0,Not Graduate,Yes,7142,0,138,360,1,Rural,1
LP002144,Female,No,,Graduate,No,3813,0,116,180,1,Urban,1
LP002424,Male,Yes,0,Graduate,No,7333,8333,175,300,,Rural,1
LP002820,Male,Yes,0,Graduate,No,5923,2054,211,360,1,Rural,1
LP001448,,Yes,3+,Graduate,No,23803,0,370,360,1,Rural,1
LP001692,Female,No,0,Not Graduate,No,4408,0,120,360,1,Semiurban,1
LP001046,Male,Yes,1,Graduate,No,5955,5625,315,360,1,Urban,1
LP002347,Male,Yes,0,Graduate,No,3246,1417,138,360,1,Semiurban,1
LP001586,Male,Yes,3+,Not Graduate,No,3522,0,81,180,1,Rural,0
LP001106,Male,Yes,0,Graduate,No,2275,2067,,360,1,Urban,1
LP002449,Male,Yes,0,Graduate,No,2483,2466,90,180,0,Rural,1
LP001520,Male,Yes,0,Graduate,No,4860,830,125,360,1,Semiurban,1
LP002098,Male,No,0,Graduate,No,2935,0,98,360,1,Semiurban,1
LP002008,Male,Yes,2,Graduate,Yes,5746,0,144,84,,Rural,1
LP001449,Male,No,0,Graduate,No,3865,1640,,360,1,Rural,1
LP002716,Male,No,0,Not Graduate,No,6783,0,130,360,1,Semiurban,1
LP002281,Male,Yes,0,Graduate,No,3033,1459,95,360,1,Urban,1
LP001720,Male,Yes,3+,Not Graduate,No,3850,983,100,360,1,Semiurban,1
LP001514,Female,Yes,0,Graduate,No,2330,4486,100,360,1,Semiurban,1
LP002149,Male,Yes,2,Graduate,No,8333,3167,165,360,1,Rural,1
LP002101,Male,Yes,0,Graduate,,63337,0,490,180,1,Urban,1
LP001384,Male,Yes,3+,Not Graduate,No,2071,754,94,480,1,Semiurban,1
LP002265,Male,Yes,2,Not Graduate,No,1993,1625,113,180,1,Semiurban,1
LP002301,Female,No,0,Graduate,Yes,7441,0,194,360,1,Rural,0
LP001908,Female,Yes,0,Not Graduate,No,4100,0,124,360,,Rural,1
LP002158,Male,Yes,0,Not Graduate,No,3000,1666,100,480,0,Urban,0
LP001439,Male,Yes,0,Not Graduate,No,4300,2014,194,360,1,Rural,1
LP002114,Female,No,0,Graduate,No,4160,0,71,360,1,Semiurban,1
LP001536,Male,Yes,3+,Graduate,No,39999,0,600,180,0,Semiurban,1
LP001345,Male,Yes,2,Not Graduate,No,4288,3263,133,180,1,Urban,1
LP002699,Male,Yes,2,Graduate,Yes,17500,0,400,360,1,Rural,1
LP001030,Male,Yes,2,Graduate,No,1299,1086,17,120,1,Urban,1
LP001922,Male,Yes,0,Graduate,No,20667,0,,360,1,Rural,0
LP002892,Male,Yes,2,Graduate,No,6540,0,205,360,1,Semiurban,1
LP001259,Male,Yes,1,Graduate,Yes,1000,3022,110,360,1,Urban,0
LP002807,Male,Yes,2,Not Graduate,No,3675,242,108,360,1,Semiurban,1
LP002314,Female,No,0,Not Graduate,No,2213,0,66,360,1,Rural,1
LP002390,Male,No,0,Graduate,No,3750,0,100,360,1,Urban,1
LP002821,Male,No,0,Not Graduate,Yes,5800,0,132,360,1,Semiurban,1
LP001199,Male,Yes,2,Not Graduate,No,3357,2859,144,360,1,Urban,1
LP001114,Male,No,0,Graduate,No,4166,7210,184,360,1,Urban,1
LP002619,Male,Yes,0,Not Graduate,No,3814,1483,124,300,1,Semiurban,1
LP002690,Male,No,0,Graduate,No,2500,0,55,360,1,Semiurban,1
LP001674,Male,Yes,1,Not Graduate,No,2600,2500,90,360,1,Semiurban,1
LP001248,Male,No,0,Graduate,No,3500,0,81,300,1,Semiurban,1
LP002362,Male,Yes,1,Graduate,No,7250,1667,110,,0,Urban,0
LP002784,Male,Yes,1,Not Graduate,No,2492,2375,,360,1,Rural,1
LP002053,Male,Yes,3+,Graduate,No,4342,189,124,360,1,Semiurban,1
LP002522,Female,No,0,Graduate,Yes,2500,0,93,360,,Urban,1
LP001552,Male,Yes,0,Graduate,No,4583,5625,255,360,1,Semiurban,1
LP001562,Male,Yes,0,Graduate,No,7933,0,275,360,1,Urban,0
LP002106,Male,Yes,,Graduate,Yes,5503,4490,70,,1,Semiurban,1
LP001915,Male,Yes,2,Graduate,No,2301,985.7999878,78,180,1,Urban,1
LP002175,Male,Yes,0,Graduate,No,4750,2333,130,360,1,Urban,1
LP002501,,Yes,0,Graduate,No,16692,0,110,360,1,Semiurban,1
LP001639,Female,Yes,0,Graduate,No,3625,0,108,360,1,Semiurban,1
LP002729,Male,No,1,Graduate,No,11250,0,196,360,,Semiurban,0
LP001786,Male,Yes,0,Graduate,,5746,0,255,360,,Urban,0
LP001813,Male,No,0,Graduate,Yes,6050,4333,120,180,1,Urban,0
LP002348,Male,Yes,0,Graduate,No,5829,0,138,360,1,Rural,1
LP001974,Female,No,0,Graduate,No,5000,0,132,360,1,Rural,1
LP002205,Male,No,1,Graduate,No,3062,1987,111,180,0,Urban,0
LP002161,Female,No,1,Graduate,No,4723,0,81,360,1,Semiurban,0
LP001954,Female,Yes,1,Graduate,No,4666,0,135,360,1,Urban,1
LP002422,Male,No,1,Graduate,No,37719,0,152,360,1,Semiurban,1
LP002226,Male,Yes,0,Graduate,,3333,2500,128,360,1,Semiurban,1
LP001326,Male,No,0,Graduate,,6782,0,,360,,Urban,0
LP001087,Female,No,2,Graduate,,3750,2083,120,360,1,Semiurban,1
LP002941,Male,Yes,2,Not Graduate,Yes,6383,1000,187,360,1,Rural,0
LP001634,Male,No,0,Graduate,No,1916,5063,67,360,,Rural,0
LP002938,Male,Yes,0,Graduate,Yes,16120,0,260,360,1,Urban,1
LP002785,Male,Yes,1,Graduate,No,3333,3250,158,360,1,Urban,1
LP001027,Male,Yes,2,Graduate,,2500,1840,109,360,1,Urban,1
LP001664,Male,No,0,Graduate,No,4191,0,120,360,1,Rural,1
LP002571,Male,No,0,Not Graduate,No,3691,0,110,360,1,Rural,1
LP002097,Male,No,1,Graduate,No,4384,1793,117,360,1,Urban,1
LP001581,Male,Yes,0,Not Graduate,,1820,1769,95,360,1,Rural,1
LP001949,Male,Yes,3+,Graduate,,4416,1250,110,360,1,Urban,1
LP002837,Male,Yes,3+,Graduate,No,3400,2500,123,360,0,Rural,0
LP002717,Male,Yes,0,Graduate,No,1025,5500,216,360,,Rural,1
LP001370,Male,No,0,Not Graduate,,7333,0,120,360,1,Rural,0
LP002237,Male,No,1,Graduate,,3667,0,113,180,1,Urban,1
LP002912,Male,Yes,1,Graduate,No,4283,3000,172,84,1,Rural,0
LP002798,Male,Yes,0,Graduate,No,3887,2669,162,360,1,Semiurban,1
LP002051,Male,Yes,0,Graduate,No,2400,2167,115,360,1,Semiurban,1
LP002131,Male,Yes,2,Not Graduate,No,3083,2168,126,360,1,Urban,1
LP001750,Male,Yes,0,Graduate,No,6250,0,128,360,1,Semiurban,1
LP001990,Male,No,0,Not Graduate,No,2000,0,,360,1,Urban,0
LP002317,Male,Yes,3+,Graduate,No,81000,0,360,360,0,Rural,0
LP002068,Male,No,0,Graduate,No,4917,0,130,360,0,Rural,1
LP001006,Male,Yes,0,Not Graduate,No,2583,2358,120,360,1,Urban,1
LP002115,Male,Yes,3+,Not Graduate,No,2647,1587,173,360,1,Rural,0
LP001451,Male,Yes,1,Graduate,Yes,10513,3850,160,180,0,Urban,0
LP001282,Male,Yes,0,Graduate,No,2500,2118,104,360,1,Semiurban,1
LP001369,Male,Yes,2,Graduate,No,11417,1126,225,360,1,Urban,1
LP001811,Male,Yes,0,Not Graduate,No,3406,4417,123,360,1,Semiurban,1
LP002361,Male,Yes,0,Graduate,No,1820,1719,100,360,1,Urban,1
LP001972,Male,Yes,,Not Graduate,No,2875,1750,105,360,1,Semiurban,1
LP001032,Male,No,0,Graduate,No,4950,0,125,360,1,Urban,1
LP001507,Male,Yes,0,Graduate,No,2698,2034,122,360,1,Semiurban,1
LP002031,Male,Yes,1,Not Graduate,No,3399,1640,111,180,1,Urban,1
LP001658,Male,No,0,Graduate,No,3858,0,76,360,1,Semiurban,1
LP001465,Male,Yes,0,Graduate,No,6080,2569,182,360,,Rural,0
LP001491,Male,Yes,2,Graduate,Yes,3316,3500,88,360,1,Urban,1
LP001641,Male,Yes,1,Graduate,Yes,2178,0,66,300,0,Rural,0
LP002960,Male,Yes,0,Not Graduate,No,2400,3800,,180,1,Urban,0
LP001633,Male,Yes,1,Graduate,No,6400,7250,180,360,0,Urban,0
LP002113,Female,No,3+,Not Graduate,No,1830,0,,360,0,Urban,0
LP002335,Female,Yes,0,Not Graduate,No,2149,3237,178,360,0,Semiurban,0
LP001644,,Yes,0,Graduate,Yes,674,5296,168,360,1,Rural,1
LP002974,Male,Yes,0,Graduate,No,3232,1950,108,360,1,Rural,1
LP001565,Male,Yes,1,Graduate,No,3089,1280,121,360,0,Semiurban,0
LP002234,Male,No,0,Graduate,Yes,7167,0,128,360,1,Urban,1
LP001546,Male,No,0,Graduate,,2980,2083,120,360,1,Rural,1
LP002530,,Yes,2,Graduate,No,2873,1872,132,360,0,Semiurban,0
LP002556,Male,No,0,Graduate,No,2435,0,75,360,1,Urban,0
LP001516,Female,Yes,2,Graduate,No,14866,0,70,360,1,Urban,1
LP002888,Male,No,0,Graduate,,3182,2917,161,360,1,Urban,1
LP001487,Male,No,0,Graduate,No,4895,0,102,360,1,Semiurban,1
LP002925,,No,0,Graduate,No,4750,0,94,360,1,Semiurban,1
LP001963,Male,Yes,1,Graduate,No,2014,2925,113,360,1,Urban,0
LP001904,Male,Yes,0,Graduate,No,3103,1300,80,360,1,Urban,1
LP002916,Male,Yes,0,Graduate,No,2297,1522,104,360,1,Urban,1
LP002670,Female,Yes,2,Graduate,No,2031,1632,113,480,1,Semiurban,1
LP001151,Female,No,0,Graduate,No,4000,2275,144,360,1,Semiurban,1
LP002243,Male,Yes,0,Not Graduate,No,3010,3136,,360,0,Urban,0
LP001926,Male,Yes,0,Graduate,No,3704,2000,120,360,1,Rural,1
LP001018,Male,Yes,2,Graduate,No,4006,1526,168,360,1,Urban,1
LP001518,Male,Yes,1,Graduate,No,1538,1425,30,360,1,Urban,1
LP002408,Male,No,0,Graduate,No,3660,5064,187,360,1,Semiurban,1
LP002103,,Yes,1,Graduate,Yes,9833,1833,182,180,1,Urban,1
LP001790,Female,No,1,Graduate,No,3812,0,112,360,1,Rural,1
LP001401,Male,Yes,1,Graduate,No,14583,0,185,180,1,Rural,1
LP002893,Male,No,0,Graduate,No,1836,33837,90,360,1,Urban,0
LP002777,Male,Yes,0,Graduate,No,2785,2016,110,360,1,Rural,1
