Loan_ID,Gender,Married,Dependents,Education,Self_Employed,ApplicantIncome,CoapplicantIncome,LoanAmount,Loan_Amount_Term,Credit_History,Property_Area
LP002729,Male,No,1,Graduate,No,11250,0.0,196.0,360.0,,Semiurban
LP002757,Female,Yes,0,Not Graduate,No,3017,663.0,102.0,360.0,,Semiurban
LP001120,Male,No,0,Graduate,No,1800,1213.0,47.0,360.0,1.0,Urban
LP001519,Female,No,0,Graduate,No,10000,1666.0,225.0,360.0,1.0,Rural
LP001387,Female,Yes,0,Graduate,,2929,2333.0,139.0,360.0,1.0,Semiurban
LP001945,Female,No,,Graduate,No,5417,0.0,143.0,480.0,0.0,Urban
LP002393,Female,,,Graduate,No,10047,0.0,,240.0,1.0,Semiurban
LP002314,Female,No,0,Not Graduate,No,2213,0.0,66.0,360.0,1.0,Rural
LP002004,Male,No,0,Not Graduate,No,2927,2405.0,111.0,360.0,1.0,Semiurban
LP001050,,Yes,2,Not Graduate,No,3365,1917.0,112.0,360.0,0.0,Rural
LP001806,Male,No,0,Graduate,No,2965,5701.0,155.0,60.0,1.0,Urban
LP001640,Male,Yes,0,Graduate,Yes,39147,4750.0,120.0,360.0,1.0,Semiurban
LP002690,Male,No,0,Graduate,No,2500,0.0,55.0,360.0,1.0,Semiurban
LP002587,Male,Yes,0,Not Graduate,No,2600,1700.0,107.0,360.0,1.0,Rural
LP002836,Male,No,0,Graduate,No,3333,0.0,70.0,360.0,1.0,Urban
LP001972,Male,Yes,,Not Graduate,No,2875,1750.0,105.0,360.0,1.0,Semiurban
LP002211,Male,Yes,0,Graduate,No,4817,923.0,120.0,180.0,1.0,Urban
LP001674,Male,Yes,1,Not Graduate,No,2600,2500.0,90.0,360.0,1.0,Semiurban
LP002948,Male,Yes,2,Graduate,No,5780,0.0,192.0,360.0,1.0,Urban
LP001993,Female,No,0,Graduate,No,3762,1666.0,135.0,360.0,1.0,Rural
LP001478,Male,No,0,Graduate,No,2718,0.0,70.0,360.0,1.0,Semiurban
LP002804,Female,Yes,0,Graduate,No,4180,2306.0,182.0,360.0,1.0,Semiurban
LP001002,Male,No,0,Graduate,No,5849,0.0,,360.0,1.0,Urban
LP001488,Male,Yes,3+,Graduate,No,4000,7750.0,290.0,360.0,1.0,Semiurban
LP001665,Male,Yes,1,Graduate,No,3125,2583.0,170.0,360.0,1.0,Semiurban
LP002239,Male,No,0,Not Graduate,No,2346,1600.0,132.0,360.0,1.0,Semiurban
LP002821,Male,No,0,Not Graduate,Yes,5800,0.0,132.0,360.0,1.0,Semiurban
LP001677,Male,No,2,Graduate,No,4923,0.0,166.0,360.0,0.0,Semiurban
LP002689,Male,Yes,2,Not Graduate,No,2192,1742.0,45.0,360.0,1.0,Semiurban
LP002683,Male,No,0,Graduate,No,4683,1915.0,185.0,360.0,1.0,Semiurban
LP001698,Male,No,0,Not Graduate,No,3975,2531.0,55.0,360.0,1.0,Rural
LP001029,Male,No,0,Graduate,No,1853,2840.0,114.0,360.0,1.0,Rural
LP001426,Male,Yes,,Graduate,No,5667,2667.0,180.0,360.0,1.0,Rural
LP001732,Male,Yes,2,Graduate,,5000,0.0,72.0,360.0,0.0,Semiurban
LP001199,Male,Yes,2,Not Graduate,No,3357,2859.0,144.0,360.0,1.0,Urban
LP001940,Male,Yes,2,Graduate,No,3153,1560.0,134.0,360.0,1.0,Urban
LP001560,Male,Yes,0,Not Graduate,No,1863,1041.0,98.0,360.0,1.0,Semiurban
LP002489,Female,No,1,Not Graduate,,5191,0.0,132.0,360.0,1.0,Semiurban
LP002953,Male,Yes,3+,Graduate,No,5703,0.0,128.0,360.0,1.0,Urban
LP002297,Male,No,0,Graduate,No,2500,20000.0,103.0,360.0,1.0,Semiurban
LP002960,Male,Yes,0,Not Graduate,No,2400,3800.0,,180.0,1.0,Urban
LP001854,Male,Yes,3+,Graduate,No,5250,0.0,94.0,360.0,1.0,Urban
LP001786,Male,Yes,0,Graduate,,5746,0.0,255.0,360.0,,Urban
LP001922,Male,Yes,0,Graduate,No,20667,0.0,,360.0,1.0,Rural
LP001144,Male,Yes,0,Graduate,No,5821,0.0,144.0,360.0,1.0,Urban
LP001279,Male,No,0,Graduate,No,2366,2531.0,136.0,360.0,1.0,Semiurban
LP001267,Female,Yes,2,Graduate,No,1378,1881.0,167.0,360.0,1.0,Urban
LP001994,Female,No,0,Graduate,No,2400,1863.0,104.0,360.0,0.0,Urban
LP002555,Male,Yes,2,Graduate,Yes,4583,2083.0,160.0,360.0,1.0,Semiurban
LP001594,Male,Yes,0,Graduate,No,5708,5625.0,187.0,360.0,1.0,Semiurban
LP002231,Female,No,0,Graduate,No,6000,0.0,156.0,360.0,1.0,Urban
LP002603,Female,No,0,Graduate,No,645,3683.0,113.0,480.0,1.0,Rural
LP002361,Male,Yes,0,Graduate,No,1820,1719.0,100.0,360.0,1.0,Urban
LP002983,Male,Yes,1,Graduate,No,8072,240.0,253.0,360.0,1.0,Urban
LP001894,Male,Yes,0,Graduate,No,2620,2223.0,150.0,360.0,1.0,Semiurban
LP002530,,Yes,2,Graduate,No,2873,1872.0,132.0,360.0,0.0,Semiurban
LP001225,Male,Yes,0,Graduate,No,5726,4595.0,258.0,360.0,1.0,Semiurban
LP001630,Male,No,0,Not Graduate,No,2333,1451.0,102.0,480.0,0.0,Urban
LP001586,Male,Yes,3+,Not Graduate,No,3522,0.0,81.0,180.0,1.0,Rural
LP001100,Male,No,3+,Graduate,No,12500,3000.0,320.0,360.0,1.0,Rural
LP001151,Female,No,0,Graduate,No,4000,2275.0,144.0,360.0,1.0,Semiurban
LP001518,Male,Yes,1,Graduate,No,1538,1425.0,30.0,360.0,1.0,Urban
LP002263,Male,Yes,0,Graduate,No,2583,2115.0,120.0,360.0,,Urban
LP002872,,Yes,0,Graduate,No,3087,2210.0,136.0,360.0,0.0,Semiurban
LP001228,Male,No,0,Not Graduate,No,3200,2254.0,126.0,180.0,0.0,Urban
LP002337,Female,No,0,Graduate,No,2995,0.0,60.0,360.0,1.0,Urban
LP001316,Male,Yes,0,Graduate,No,2958,2900.0,131.0,360.0,1.0,Semiurban
LP001716,Male,Yes,0,Graduate,No,3173,3021.0,137.0,360.0,1.0,Urban
LP002318,Female,No,1,Not Graduate,Yes,3867,0.0,62.0,360.0,1.0,Semiurban
LP002795,Male,Yes,3+,Graduate,Yes,10139,0.0,260.0,360.0,1.0,Semiurban
LP002798,Male,Yes,0,Graduate,No,3887,2669.0,162.0,360.0,1.0,Semiurban
LP002519,Male,Yes,3+,Graduate,No,4691,0.0,100.0,360.0,1.0,Semiurban
LP002720,Male,Yes,3+,Graduate,No,4281,0.0,100.0,360.0,1.0,Urban
LP001207,Male,Yes,0,Not Graduate,Yes,2609,3449.0,165.0,180.0,0.0,Rural
LP001574,Male,Yes,0,Graduate,No,3707,3166.0,182.0,,1.0,Rural
LP002234,Male,No,0,Graduate,Yes,7167,0.0,128.0,360.0,1.0,Urban
LP002637,Male,No,0,Not Graduate,No,3598,1287.0,100.0,360.0,1.0,Rural
LP002974,Male,Yes,0,Graduate,No,3232,1950.0,108.0,360.0,1.0,Rural
LP002357,Female,No,0,Not Graduate,No,2720,0.0,80.0,,0.0,Urban
LP001036,Female,No,0,Graduate,No,3510,0.0,76.0,360.0,0.0,Urban
LP001565,Male,Yes,1,Graduate,No,3089,1280.0,121.0,360.0,0.0,Semiurban
LP001205,Male,Yes,0,Graduate,No,2500,3796.0,120.0,360.0,1.0,Urban
LP001422,Female,No,0,Graduate,No,10408,0.0,259.0,360.0,1.0,Urban
LP002367,Female,No,1,Not Graduate,No,4606,0.0,81.0,360.0,1.0,Rural
LP001289,Male,No,0,Graduate,No,8566,0.0,210.0,360.0,1.0,Urban
LP002643,Male,Yes,2,Graduate,No,3283,2035.0,148.0,360.0,1.0,Urban
LP002487,Male,Yes,0,Graduate,No,3015,2188.0,153.0,360.0,1.0,Rural
LP002103,,Yes,1,Graduate,Yes,9833,1833.0,182.0,180.0,1.0,Urban
LP001087,Female,No,2,Graduate,,3750,2083.0,120.0,360.0,1.0,Semiurban
LP001904,Male,Yes,0,Graduate,No,3103,1300.0,80.0,360.0,1.0,Urban
LP002130,Male,Yes,,Not Graduate,No,3523,3230.0,152.0,360.0,0.0,Rural
LP001370,Male,No,0,Not Graduate,,7333,0.0,120.0,360.0,1.0,Rural
LP002714,Male,No,1,Not Graduate,No,2679,1302.0,94.0,360.0,1.0,Semiurban
LP001749,Male,Yes,0,Graduate,No,7578,1010.0,175.0,,1.0,Semiurban
LP002863,Male,Yes,3+,Graduate,No,6406,0.0,150.0,360.0,1.0,Semiurban
LP002366,Male,Yes,0,Graduate,No,2666,4300.0,121.0,360.0,1.0,Rural
LP001319,Male,Yes,2,Not Graduate,No,3273,1820.0,81.0,360.0,1.0,Urban
LP001949,Male,Yes,3+,Graduate,,4416,1250.0,110.0,360.0,1.0,Urban
LP002543,Male,Yes,2,Graduate,No,8333,0.0,246.0,360.0,1.0,Semiurban
LP001865,Male,Yes,1,Graduate,No,6083,4250.0,330.0,360.0,,Urban
LP001883,Female,No,0,Graduate,,3418,0.0,135.0,360.0,1.0,Rural
LP001356,Male,Yes,0,Graduate,No,4652,3583.0,,360.0,1.0,Semiurban
LP002807,Male,Yes,2,Not Graduate,No,3675,242.0,108.0,360.0,1.0,Semiurban
LP001750,Male,Yes,0,Graduate,No,6250,0.0,128.0,360.0,1.0,Semiurban
LP001643,Male,Yes,0,Graduate,No,2383,2138.0,58.0,360.0,,Rural
LP001265,Female,No,0,Graduate,No,3846,0.0,111.0,360.0,1.0,Semiurban
LP002670,Female,Yes,2,Graduate,No,2031,1632.0,113.0,480.0,1.0,Semiurban
LP002225,Male,Yes,2,Graduate,No,5391,0.0,130.0,360.0,1.0,Urban
LP002205,Male,No,1,Graduate,No,3062,1987.0,111.0,180.0,0.0,Urban
LP002398,Male,No,0,Graduate,No,1926,1851.0,50.0,360.0,1.0,Semiurban
LP002767,Male,Yes,0,Graduate,No,2768,1950.0,155.0,360.0,1.0,Rural
LP001006,Male,Yes,0,Not Graduate,No,2583,2358.0,120.0,360.0,1.0,Urban
LP001669,Female,No,0,Not Graduate,No,1907,2365.0,120.0,,1.0,Urban
LP001020,Male,Yes,1,Graduate,No,12841,10968.0,349.0,360.0,1.0,Semiurban
LP001835,Male,Yes,0,Not Graduate,No,1668,3890.0,201.0,360.0,0.0,Semiurban
LP001978,Male,No,0,Graduate,No,4000,2500.0,140.0,360.0,1.0,Rural
LP002541,Male,Yes,0,Graduate,No,10833,0.0,234.0,360.0,1.0,Semiurban
LP002524,Male,No,2,Graduate,No,5532,4648.0,162.0,360.0,1.0,Rural
LP002116,Female,No,0,Graduate,No,2378,0.0,46.0,360.0,1.0,Rural
LP002301,Female,No,0,Graduate,Yes,7441,0.0,194.0,360.0,1.0,Rural
LP001819,Male,Yes,1,Not Graduate,No,6608,0.0,137.0,180.0,1.0,Urban
LP002493,Male,No,0,Graduate,No,4166,0.0,98.0,360.0,0.0,Semiurban
LP002582,Female,No,0,Not Graduate,Yes,17263,0.0,225.0,360.0,1.0,Semiurban
